coordinates	name	stop_number
145.02850849,-37.8624552	Glenferrie Rd/Wattletree Rd	45
145.0253815,-37.86206934	Duncraig Ave/Wattletree Rd	44
144.89884126,-37.76969864	Clyde St/Raleigh Rd	42
145.02275399,-37.86170982	Egerton Rd/Wattletree Rd	43
145.04337516,-37.86422627	Vincent St/Wattletree Rd	50
145.01989926,-37.86134642	Kooyong Rd/Wattletree Rd	42
145.04657053,-37.86461278	Erica Ave/Wattletree Rd	51
144.9642657,-37.73161894	Renown St/Sydney Rd	38
144.98404671,-37.85056356	Punt Rd/High St	28
144.89198456,-37.76889124	Barb St/Raleigh Rd	44
144.98772713,-37.85105009	Perth St/High St	29
144.98973147,-37.85131864	Prahran Station/High St	30
144.99320872,-37.85175647	Chapel St/High St	31
144.88893821,-37.76862941	Randall St/Raleigh Rd	45
144.99643585,-37.85219895	Hornby St/High St	32
145.05007082,-37.86507635	Burke Rd/Wattletree Rd	52
144.99808883,-37.85243434	Prahran RSL/High St 	33
144.96646974,-37.74147092	Bell St/Sydney Rd	34
144.96614844,-37.74325874	Coburg Market/Sydney Rd	33
144.96583797,-37.74506476	Munro St/Sydney Rd	32
144.96520392,-37.74873966	Reynard St/Sydney Rd	31
144.9646359,-37.75207324	The Avenue/Sydney Rd	30
144.9996855,-37.85265073	Lewisham Rd/High St	34
144.96401602,-37.75564023	Moreland Rd/Sydney Rd	28
144.96363858,-37.75781457	Brunswick Tram Depot/Sydney Rd	27
144.96308694,-37.76095918	Albion St/Sydney Rd	26
144.96269537,-37.7632324	Stewart St/Sydney Rd	25
144.9623018,-37.76557768	Brunswick Baptist Church/Sydney Rd	24
144.96203185,-37.76714106	Victoria St/Sydney Rd	23
144.96172115,-37.76894706	Albert St/Sydney Rd	22
144.96126113,-37.77164265	Brunswick Town Hall/Sydney Rd	21
144.96074181,-37.77484186	Barkly Square/Sydney Rd	20
144.96026887,-37.77759128	Brunswick Rd/Sydney Rd	19
144.9596398,-37.78188803	Ievers St/Royal Pde	17
144.95927431,-37.78485559	Visy Park/Royal Pde	16
144.95889446,-37.78793104	Leonard St/Royal Pde	15
144.958644,-37.79001743	Macarthur Rd/Royal Pde	14
144.95830955,-37.79267912	Gatehouse St/Royal Pde	13
144.95794368,-37.79565568	Morrah St/Royal Pde	12
145.00232392,-37.85301095	Williams Rd/High St	35
145.00627581,-37.85355558	Chatsworth Rd/High St	36
145.00865422,-37.85386619	Airlie Ave/High St	37
145.01145203,-37.85421989	Orrong Rd/High St	38
145.01497429,-37.85468487	Auburn Gr/High St	39
145.01824739,-37.85511852	Armadale Station/High St	40
145.02058071,-37.85541912	Kooyong Rd/High St	41
145.02367259,-37.85583154	Huntingtower Rd/High St	42
145.02593803,-37.85612189	Mercer Rd/High St	43
145.02916631,-37.85653646	Glenferrie Rd/High St	44
145.0323835,-37.85694174	De La Salle College/High St	45
145.03561113,-37.85738316	Fraser St/High St	46
145.03801254,-37.85769356	Dixon St/High St	47
145.04104854,-37.85807757	Tooronga Rd/High St	48
145.04419842,-37.85845437	Harold Holt Swim Centre/High St	49
145.04825465,-37.85894526	Belmont Ave/High St	50
145.0512117,-37.85930967	Burke Rd/High St	51
145.05379528,-37.85961375	Boyanda Rd/High St	52
145.0563313,-37.85999811	Malvern Rd/High St	53
145.04699802,-37.86478209	Nott St/Wattletree Rd	51
144.96365015,-37.72758	North Coburg Terminus/Sydney Rd	40
144.96385917,-37.72989065	Mercy College/Sydney Rd	39
144.96462665,-37.73211182	Carr St/Sydney Rd	38
144.96540724,-37.73385558	Gaffney St/Sydney Rd	37
144.96607617,-37.73553432	Rogers St/Sydney Rd	36
144.96693006,-37.73750463	St Pauls Catholic Church/Sydney Rd	35
144.96605843,-37.74488833	Harding St/Sydney Rd	32
144.96544955,-37.74847354	Edward St/Sydney Rd	31
144.96455127,-37.75350466	Moore St/Sydney Rd	29
144.96251222,-37.76535602	Blyth St/Sydney Rd	24
144.96147305,-37.77136695	Glenlyon Rd/Sydney Rd	21
144.95950873,-37.7845893	Walker St/Royal Pde	16
144.95887943,-37.78971511	Cemetery Road West/Royal Pde	14
144.96835439,-37.81276887	Russell St/Bourke St	7
144.96590389,-37.81348355	Swanston St/Bourke St	6
144.96350963,-37.81421718	Elizabeth St/Bourke St	5
144.95983472,-37.81525299	Queen St/Bourke St	4
144.95762499,-37.81588156	William St/Bourke St	3
144.95351423,-37.81706281	Spencer St/Bourke St	1
144.96476527,-37.81771743	Flinders Street Railway Station/Elizabeth St	1
144.96366948,-37.81542752	Collins St/Elizabeth St	2
144.96275835,-37.81344719	Bourke Street Mall/Elizabeth St	3
144.96142925,-37.81055845	Melbourne Central Station/Elizabeth St	5
144.9595742,-37.80656115	Queen Victoria Market/Elizabeth St	7
144.95621805,-37.8059352	Peel St/Victoria St	8
144.95390781,-37.80568781	William St/Victoria St	9
144.95239053,-37.80551725	Chetwynd St/Victoria St	10
144.94944632,-37.80519567	Errol St/Victoria St	11
144.94933927,-37.8049595	Victoria St/Errol St	11
144.95350235,-37.80556361	Howard St/Victoria St	9
144.95746377,-37.80194658	Pelham St/Elizabeth St	9
144.957508,-37.79992871	Royal Melbourne Hospital-Parkville Station/Royal Pde (Melbo...	10
144.95759813,-37.79954277	Royal Melbourne Hospital-Parkville Station/Royal Pde (Parkv...	10
144.97360094,-37.80575799	Melbourne Museum/Nicholson St	11
144.97294861,-37.8096759	Albert St/Nicholson St	10
144.97257946,-37.811544	Spring St/Bourke St	9
145.04371198,-37.86438507	Anderson St/Wattletree Rd	50
144.97633747,-37.80828329	St Vincents Plaza/Victoria Pde	12
144.97572795,-37.80939028	Albert St/Gisborne St	11
144.97448769,-37.81237888	Parliament Railway Station/Macarthur St	10
144.97328548,-37.81355676	Spring St/Collins St	8
144.96595735,-37.81567433	Melbourne Town Hall/Collins St	6
144.96340356,-37.81642322	Elizabeth St/Collins St	5
144.95942911,-37.81760704	William St/Collins St	3
144.95505538,-37.81884688	Spencer St/Collins St	1
144.88672852,-37.76888717	Rosamond Rd/Raleigh Rd	46
144.88281327,-37.76963693	Raleigh Rd/Wests Rd	48
144.88218077,-37.77310408	Highpoint Shopping Centre/Wests Rd	49
144.88214332,-37.77521214	Wests Rd/Williamson Rd	50
144.88557115,-37.77603972	Williamson Rd/Rosamond Rd	51
144.88574983,-37.7793322	Rosamond Rd/River St	52
144.88778609,-37.77959402	Maribyrnong College/River St	53
144.89093092,-37.78000184	Gordon St/River St	54
144.89115113,-37.78224068	Lyric St/Gordon St	55
144.89059868,-37.78489825	Edgewater Square/Gordon St	56
144.88992439,-37.78864405	Titch St/Gordon St	57
144.88955432,-37.7904758	Ballarat Rd/Gordon St	58
144.89357113,-37.79258435	Droop St/Ballarat Rd	59
144.89551571,-37.79489006	Tiernan St/Droop St	60
144.89713113,-37.79679335	Geelong Rd/Droop St	61
144.89973634,-37.79984074	Nicholson St/Hopkins St	62
144.90105834,-37.80008059	Footscray Market/Leeds St	63
144.90091971,-37.80136679	Footscray Station/Leeds St	64
144.90512121,-37.7704323	Epsom Rd/Maribyrnong Rd	40
144.90900307,-37.77086174	Bowen St/Maribyrnong Rd	39
144.91233024,-37.77123617	Hotham St/Maribyrnong Rd	38
144.9159386,-37.7717056	Union Rd/Maribyrnong Rd	37
144.92113538,-37.77221197	Moore St/Maribyrnong Rd	35
144.92370518,-37.77247358	Ascot Vale Rd/Maribyrnong Rd	34
144.92428383,-37.7700506	Chaucer St/Ascot Vale Rd	33
144.87797673,-37.768856	Central Park Ave/Cordite Ave	49
144.91594298,-37.77357111	St Leonards Rd/Union Rd	36
144.91555997,-37.77588936	Bloomfield Rd/Union Rd	35
144.91478735,-37.78035452	Melbourne Showgrounds/Union Rd	33
144.91671163,-37.78258743	Sandown Rd/Epsom Rd	32
144.91812486,-37.78401825	Racing Victoria/Epsom Rd	31
144.91998705,-37.78604275	Flemington Racecourse/Epsom Rd	30
144.92200573,-37.78734904	Flemington Racecourse/Racecourse Rd	29
144.92495035,-37.78762625	Smithfield Rd/Racecourse Rd	28
144.92815427,-37.78797103	Newmarket Plaza/Racecourse Rd	26
144.93123539,-37.78824148	Wellington St/Racecourse Rd	25
144.9334895,-37.78844326	Victoria St/Racecourse Rd	24
144.93658052,-37.78876781	Stubbs St/Racecourse Rd	23
144.93985216,-37.78913148	Boundary Rd/Racecourse Rd	22
144.94348502,-37.79039354	Melrose St/Flemington Rd	20
144.94709559,-37.7941063	Abbotsford St Interchange/Abbotsford St	19
144.97356184,-37.80801928	Nicholson St/Victoria Pde	10
144.97097182,-37.80761421	La Trobe St/Victoria St	9
144.96411517,-37.80954153	Melbourne Central & State Library stations/La Trobe St (Melb...	6
144.95676376,-37.81168516	Flagstaff Station/La Trobe St 	3
144.94050751,-37.81378105	New Quay Prom/Docklands Dr	10
144.93875383,-37.81434514	Waterfront City/Docklands Dr	11
144.9415088,-37.81331193	NewQuay Prom/Docklands Dr	10
144.9464029,-37.81460496	Docklands Stadium/La Trobe St 	1
144.96102598,-37.81035321	Melbourne Central Station/La Trobe St 	5
144.97026645,-37.80765612	Victoria St/La Trobe St	9
144.94490068,-37.81470491	Central Pier/Harbour Esp	2
144.94624566,-37.8178194	Stadium Precinct - Bourke St/Harbour Esp	3
144.94761009,-37.82146591	Docklands Park/Harbour Esp	4
144.95121254,-37.82183505	South Wharf/Wurundjeri Way	5
144.95360832,-37.82147119	Flinders Street West/Flinders St	6
144.94634395,-37.79828366	Haines St/Abbotsford St	16
144.94584858,-37.80099657	Arden St/Abbotsford St	15
144.94562827,-37.80238955	Queensberry St/Abbotsford St	14
144.94975101,-37.78801554	Elliott Ave/Royal Park	24
144.94884786,-37.78453929	State Netball Hockey Centre/Royal Park	25
144.94921893,-37.78261723	Melbourne Zoo/Royal Park	26
144.95135965,-37.780753	Royal Park Station/Royal Park	27
144.94980376,-37.77706714	Park St/Royal Park	28
144.94891503,-37.77553769	Brunswick Rd/Grantham St	29
144.94953923,-37.77225925	Union Square Shopping Centre/Grantham St	30
144.94953211,-37.77005124	Grantham St/Dawson St	31
144.94331864,-37.76731147	Smith St/Melville Rd	34
144.94389025,-37.76470803	Victoria St/Melville Rd	35
144.94438414,-37.76204015	Hope St/Melville Rd	36
144.94499119,-37.75856317	Albion St/Melville Rd	37
144.94538538,-37.75662349	Jacobs Reserve/Melville Rd	38
144.94590108,-37.75316294	Moreland Rd/Melville Rd	40
144.944556,-37.74639864	Reynard St/Melville Rd	42
144.94499886,-37.74392811	Princes Tce/Melville Rd	43
144.94540392,-37.7415921	Brearley Pde/Melville Rd	44
144.94559222,-37.74011744	Bell St/Melville Rd	45
144.96179738,-37.81906291	Market St/Flinders St	3
144.96462602,-37.8182377	Elizabeth St/Flinders St	4
144.96713247,-37.81756006	Swanston St/Flinders St	5
144.97084417,-37.81642552	Russell St/Flinders St	6
144.97454245,-37.81536272	Spring St/Flinders St	8
144.97716407,-37.81545285	Lansdowne St/Wellington Pde	9
144.97979141,-37.81575029	Jolimont Rd/Wellington Pde	10
144.98477463,-37.81630429	Jolimont Station-MCG/Wellington Pde	11
144.98698338,-37.81654033	Simpson St/Wellington Pde	13
144.98967538,-37.81738838	Punt Rd/Wellington Pde	14
144.99021674,-37.81753279	Punt Rd/Bridge Rd	14
144.97913015,-37.81958697	Rod Laver Arena/MCG Gates 1-3B	7
144.98352999,-37.82238396	MCG Gates 4-7/John Cain ArenaC	7
144.98685655,-37.8241351	Olympic BoulevardD	7
144.95321503,-37.82172569	Victoria Police Centre/Flinders St	6
144.95665101,-37.82566042	Clarendon St/Whiteman St	125
144.95605749,-37.82328904	Casino/MCEC/Clarendon StA	124
144.95526467,-37.82155404	Batman Park/Spencer St	124
144.95378623,-37.81832017	Southern Cross Railway Station/Spencer St	122
144.95238116,-37.81531286	Lonsdale St/Spencer St	120
144.95150241,-37.81340511	La Trobe St/Spencer St	119
144.95824997,-37.81587437	Bourke St/William St	5
144.95651664,-37.81199629	Flagstaff Railway Station/William St	7
144.9560286,-37.80539121	Victoria St/Peel St	10
144.95577897,-37.80744156	Queen Victoria Market/Peel St	9
144.95909244,-37.81745702	Collins St/William St	4
144.96123971,-37.81951285	Flinders St/Queens Bridge St	1
144.96122485,-37.82211699	Casino/Southbank/Queens Bridge St	115
144.96422972,-37.82976589	York St/Kings Way	117
144.96981611,-37.83280018	Wells St/Park St	119
144.96537541,-37.83107437	Sturt St/Kings Way	118
144.96533424,-37.83009138	Kings Way/Sturt St	20
144.96575477,-37.82843147	Miles St/Sturt St	19
144.96663426,-37.82577919	Grant St/Sturt St	18
144.96722286,-37.82378874	Arts Precinct/Sturt St	17
144.96057684,-37.82626018	City Rd/Kings Way	116
145.01860689,-37.81790581	Grattan St/Church St	24
145.0206025,-37.81592073	Brook St/Church St	25
145.02325235,-37.81325268	Barkers Rd/Church St	26
145.03383744,-37.80561661	Pakington St/High St	34
145.0355465,-37.80498727	Cobden St/High St	35
145.03975456,-37.80348933	Parkhill Rd/High St	36
145.0425641,-37.80247266	Kew Cemetery/High St	37
145.04598072,-37.80125872	Victoria Park/High St	38
145.05043601,-37.79941303	Harp Rd/High St	39
145.05202394,-37.79862823	Harp Village/High St	40
145.05475817,-37.7974388	Clyde St/High St	41
145.05715908,-37.796397	Irymple Ave/High St	42
145.06108881,-37.79465037	Kew High School/High St	43
145.06366194,-37.79353016	Burke Rd/High St	44
145.0674504,-37.79283539	Wattle Ave/Doncaster Rd	46
145.0714397,-37.79271153	North Balwyn Shopping Centre/Doncaster Rd	47
145.07426566,-37.79321738	Sunburst Ave/Doncaster Rd	48
145.07746556,-37.7937563	Cityview Rd/Doncaster Rd	49
145.08118886,-37.7942586	Hill Rd/Doncaster Rd	50
144.98834518,-37.87012046	St Kilda Primary School/Brighton Rd	36
144.9900777,-37.87288061	Wimbledon Ave/Brighton Rd	38
144.99201768,-37.87595969	Glen Eira Rd/Brighton Rd	39
144.99389209,-37.8789475	Scott St/Brighton Rd	40
144.99507998,-37.88084218	Coleridge St/Brighton Rd	41
144.99634407,-37.88286431	Hotham St/Brighton Rd	42
144.997578,-37.88390364	Brighton Rd/Glenhuntly Rd	43
145.00055749,-37.88430576	Elsternwick Railway Station/Glenhuntly Rd	44
145.0039452,-37.88475077	Elsternwick Shopping Centre/Glenhuntly Rd	45
145.00621119,-37.88505052	Orrong Rd/Glenhuntly Rd	46
145.00911293,-37.88538803	Shoobra Rd/Glenhuntly Rd	47
145.01224128,-37.88575632	Parkside St/Glenhuntly Rd	48
145.01508602,-37.88610173	Kooyong Rd/Glenhuntly Rd	49
145.01825917,-37.88649766	Royal Pde/Glenhuntly Rd	50
145.02222579,-37.88698794	Hawthorn Rd/Glenhuntly Rd	51
145.02414129,-37.88721838	Jasmine St/Glenhuntly Rd	52
145.02710997,-37.88761063	Glenhuntly Tram Depot/Glenhuntly Rd	53
145.02890048,-37.8878389	Bambra Rd/Glenhuntly Rd	54
145.03098555,-37.88810811	Fallon St/Glenhuntly Rd	55
145.03343339,-37.8884194	Kean St/Glenhuntly Rd	56
145.03548488,-37.88866994	Laura St/Glenhuntly Rd	57
145.03780822,-37.88896104	Booran Rd/Glenhuntly Rd	58
145.04076688,-37.88930772	Glenhuntly Shops/Glenhuntly Rd	60
145.04275047,-37.889548	Glen Huntly Railway Station/Glen Huntly Rd 	61
145.04503977,-37.88983839	Grange Rd/Glenhuntly Rd	62
145.04765847,-37.89014321	Maroona Rd/Glenhuntly Rd	63
145.04990306,-37.89040572	Mernda Ave/Glenhuntly Rd	64
145.05219195,-37.89071398	Mimosa Rd/Glenhuntly Rd	65
145.0540475,-37.89106911	Glenhuntly Rd/Truganini Rd	66
145.05436854,-37.89269653	Centre Rd/Truganini Rd	67
145.05580476,-37.89386477	Carnegie/Truganini Rd	68
145.01688973,-37.91422166	East Brighton/Hawthorn Rd	68
145.01739457,-37.9110941	Howell St/Hawthorn Rd	67
145.01776513,-37.90873026	Union St/Hawthorn Rd	66
145.01814147,-37.90657379	Davey Ave/Hawthorn Rd	65
145.01859469,-37.90409419	Taylor St/Hawthorn Rd	64
145.01907183,-37.90156994	North Rd/Hawthorn Rd	63
145.01952548,-37.89949587	Gardenvale Rd/Hawthorn Rd	62
145.02006662,-37.89670233	Raynes St/Hawthorn Rd	61
145.02037223,-37.89505832	Dover St/Hawthorn Rd	60
145.0206853,-37.89313508	Princes Park/Hawthorn Rd	59
145.02132813,-37.88993771	Sycamore St/Hawthorn Rd	58
145.02184807,-37.88708072	Glenhuntly Rd/Hawthorn Rd	57
145.02234697,-37.88458384	Lockhart St/Hawthorn Rd	56
145.02271892,-37.88258047	Sylverly Gr/Hawthorn Rd	55
145.02320518,-37.88012843	Glen Eira Rd/Hawthorn Rd	54
145.02371919,-37.87748761	Crotonhurst Ave/Hawthorn Rd	53
145.02415415,-37.87525099	Halstead St/Hawthorn Rd	52
145.0246038,-37.87288844	Balaclava Rd/Hawthorn Rd	51
145.02518919,-37.86969909	Inkerman Rd/Hawthorn Rd	50
145.02551895,-37.86799239	Wanda Rd/Hawthorn Rd	49
145.02590449,-37.86589911	Dandenong Rd/Hawthorn RdA	48
145.02367658,-37.8646181	Bailey Ave/Dandenong Rd	44
145.02191318,-37.86382247	Matlock Ct/Dandenong Rd	43
145.01883375,-37.86250903	Kooyong Rd/Dandenong Rd	42
145.01469634,-37.86080819	Wattletree Rd/Dandenong Rd	40
145.01083392,-37.8603014	Orrong Rd/Dandenong Rd	38
145.00727758,-37.8598267	Lansdowne Rd/Dandenong Rd	37
145.00429902,-37.85942478	Alexandra St/Dandenong Rd	36
145.00164876,-37.85907341	Williams Rd/Dandenong Rd	35
144.99753805,-37.8585079	Westbury St/Dandenong Rd	34
144.99574837,-37.85827918	Hornby St/Dandenong Rd	33
144.99169103,-37.857426	Chapel St/Dandenong Rd	32
145.0587652,-37.87726887	Darling Rd/Waverley Rd	64
145.05690499,-37.87710299	Hughes St/Waverley Rd	63
145.05500099,-37.87687328	Macgregor St/Waverley Rd	62
145.05108034,-37.87637585	Tennyson St/Waverley Rd	61
145.04832621,-37.87605084	Burke Rd/Waverley Rd	60
145.04506876,-37.87584358	Dandenong Rd/Waverley Rd	59
145.04193878,-37.87640435	Caulfield Railway Station/Derby Rd	57
145.03910153,-37.8753568	Caulfield Racecourse/Normanby Rd	56
145.03813533,-37.87449359	Balaclava Rd/Normanby Rd	55
145.03613231,-37.87414477	Kambrook Rd/Balaclava Rd	54
145.0320415,-37.87364387	Caulfield Park/Balaclava Rd	53
145.02814417,-37.87313706	Caulfield Park Bowling Club/Balaclava Rd	52
145.02494735,-37.87279508	Hawthorn Rd/Balaclava Rd	51
145.02117489,-37.87229914	Caulfield Junior College/Balaclava Rd	47
145.0913759,-37.81410622	Wharton St/Whitehorse Rd	50
144.96495735,-37.83222966	Dorcas St/Eastern Rd	22
144.96385036,-37.83447246	Moray St/Park St	23
144.96130775,-37.83520347	Clarendon St/Park St	24
144.95891248,-37.83594598	Cecil St/Park St	25
144.90257069,-37.7702968	Maribyrnong Park/Maribyrnong Rd	41
144.89612211,-37.76950591	Van Ness Ave/Raleigh Rd	43
144.8921842,-37.76905702	Warrs Rd/Raleigh Rd	44
144.88954811,-37.76873947	Maribyrnong Community Centre/Raleigh Rd	45
144.88208268,-37.76938048	Wests Rd/Raleigh Rd	48
144.88199242,-37.77493006	Williamson Rd/Wests Rd	50
144.88520578,-37.77850236	River St/Rosamond Rd	52
144.89941162,-37.79927622	Nicholson St/Droop St	62
144.90091715,-37.79985278	Leeds St/Hopkins St	63
144.92402367,-37.77245216	Maribyrnong Rd/Ascot Vale Rd	34
144.91275662,-37.77141495	Ferguson St/Maribyrnong Rd	38
144.91607021,-37.77187014	Maribyrnong Rd/Union Rd	37
144.91539503,-37.77610272	Munro St/Union Rd	35
144.91494943,-37.77862713	Burrowes St/Union Rd	34
144.9335218,-37.78850691	Collett St/Racecourse Rd	24
144.94580241,-37.80266294	Abbotsford St/Queensberry St	14
144.94974099,-37.77029819	Dawson St/Grantham St	31
144.94442475,-37.76959274	Daly St/Dawson St	33
145.08463121,-37.79464808	Balwyn Rd/Doncaster Rd	51
145.08093609,-37.79437164	Dight Ave/Doncaster Rd	50
145.07772198,-37.79394072	Buchanan Ave/Doncaster Rd	49
145.07456724,-37.79341156	Osburn Ave/Doncaster Rd	48
144.95640508,-37.83663243	Ferrars St/Park St	26
145.05767205,-37.79632435	Woodlands Ave/High St	42
145.05392663,-37.79796577	Station St/High St	41
145.04001449,-37.80353871	Gladstone St/High St	36
145.03597744,-37.80501248	Charles St/High St	35
145.0341662,-37.80564013	Union St/High St	34
145.03131054,-37.80667385	Kew Shopping Centre/High St	33
145.01875282,-37.81797135	Hill St/Church St	24
145.00059662,-37.8109146	Victoria St/Church St	65
145.00016514,-37.81259249	Elizabeth St/Church St	64
144.99988003,-37.81431791	Tweedie Pl/Church St	63
144.99957438,-37.81596188	Highett St/Church St	62
144.99907934,-37.8187291	Bridge Rd/Church St	61
144.99880967,-37.82030159	Abinger St/Church St	60
144.99854095,-37.82183804	St Ignatius Church/Church St	59
144.99816288,-37.82405752	Gipps St/Church St	58
144.99786388,-37.82587282	Swan St/Church St	57
144.99726883,-37.82897177	Adelaide St/Church St	55
144.99705707,-37.83050017	Cotter St/Church St	54
144.99668831,-37.8327919	Howard St/Church St	53
144.99601871,-37.83696197	Malcolm St/Chapel St	51
144.99550284,-37.8396477	Toorak Rd/Chapel St	50
144.99508634,-37.84201972	Arthur St/Chapel St	49
144.99465086,-37.84383268	Cliff St/Chapel St	48
144.99403157,-37.84697624	Commercial Rd/Chapel St	47
144.99367836,-37.84910601	Chatham St/Chapel St	46
144.99328287,-37.85195599	High St/Chapel St	45
144.99282688,-37.85410202	Duke St/Chapel St	44
144.99245063,-37.8562404	Windsor Railway Station/Chapel St	43
144.99215499,-37.85792055	Dandenong Rd/Chapel St	42
144.99187264,-37.85952884	St Michaels Grammar School/Chapel St	41
144.99151014,-37.86157733	Alma Rd/Chapel St	40
144.99118805,-37.8633922	Argyle St/Chapel St	39
144.99079142,-37.86544011	Inkerman St/Chapel St	38
144.99013534,-37.86824957	Chapel St/Carlisle St	37
144.98868461,-37.86808962	St Kilda Town Hall/Carlisle St	36
144.99023149,-37.86847651	Carlisle St/Chapel St	37
144.98972675,-37.87115338	Brighton Rd/Chapel St	36
144.98656595,-37.8678281	St Kilda Rd/Carlisle St	35
144.98400639,-37.86747788	Greeves St/Carlisle St	34
144.98108473,-37.86706733	Barkly St/Carlisle St	33
144.9942354,-37.86880615	Balaclava Station/Carlisle St	38
144.9965132,-37.86907024	Orange Gr/Carlisle St	39
144.99928854,-37.86943287	Hotham St/Carlisle St	40
145.00157749,-37.86970606	Empress Rd/Balaclava Rd	41
145.00531655,-37.87016601	Sidwell Ave/Balaclava Rd	42
145.00846648,-37.87055279	Orrong Rd/Balaclava Rd	43
145.01236326,-37.87106925	Ontario St/Balaclava Rd	44
145.01473187,-37.87134353	Kent Gr/Balaclava Rd	45
145.01762056,-37.87172566	Kooyong Rd/Balaclava Rd	46
145.02109944,-37.87214468	Elmhurst Rd/Balaclava Rd	47
145.03769979,-37.87419795	Normanby Rd/Balaclava Rd	55
145.04186623,-37.87570923	Dandenong Rd/Derby Rd	58
145.05468729,-37.87669687	The Avenue/Waverley Rd	62
145.05654607,-37.87691683	Oak Gr/Waverley Rd	63
144.9541761,-37.83752193	Park St/Montague St	27
144.95538431,-37.84067899	Montague St/Bridport St	28
144.95333717,-37.84156261	Bridport St/Victoria Ave	29
144.95128269,-37.84394201	Richardson St/Victoria Ave	30
144.94982559,-37.84567393	Graham St/Victoria Ave	31
144.94872853,-37.84712372	Beaconsfield Pde/Victoria Ave	32
144.98456545,-37.8381903	Walsh St/Toorak Rd	124
144.98674102,-37.83841678	Punt Rd/Toorak Rd	125
144.99216464,-37.83913121	South Yarra Railway Station/Toorak Rd	127
144.99575443,-37.8395889	Chapel St/Toorak Rd	128
144.9986657,-37.83992681	Tivoli Rd/Toorak Rd	129
145.00233557,-37.84036764	Hawksburn Rd/Toorak Rd	130
145.00536,-37.84072532	Williams Rd/Toorak Rd	131
145.00845238,-37.84109309	Toorak Village/Toorak Rd	132
145.01088768,-37.84138659	Canterbury Rd/Toorak Rd	133
145.06487739,-37.81092511	Deepdene Shopping Centre/Whitehorse Rd	43
144.97063402,-37.77845522	Brunswick Rd/Lygon St	120
144.9709714,-37.77566737	Weston St/Lygon St	121
144.97141481,-37.77273715	Glenlyon Rd/Lygon St	122
144.97194969,-37.76978147	Albert St/Lygon St	123
144.9722313,-37.76820024	Victoria St/Lygon St	124
144.97251166,-37.76666404	Blyth St/Lygon St	125
144.97290196,-37.76442681	Stewart St/Lygon St	126
144.97326463,-37.76236934	Albion St/Lygon St	127
144.97433358,-37.75938678	Mitchell St/Holmes St	128
144.97475384,-37.7568797	Moreland Rd/Holmes St	129
144.97015253,-37.75620573	Barrow St/Moreland Rd	130
144.96651984,-37.75580964	De Carle St/Moreland Rd	131
144.96427918,-37.75556367	Sydney Rd/Moreland Rd	132
144.96238062,-37.75526049	Moreland Station/Moreland Rd	133
144.97594518,-37.75356579	The Avenue/Nicholson St	130
144.97650522,-37.75134047	Rennie St/Nicholson St	131
144.97684134,-37.7494177	Crozier St/Nicholson St	132
144.97731019,-37.74637073	Harding St/Nicholson St	133
144.97772812,-37.74435924	Merribell Ave/Nicholson St	134
145.06867098,-37.8113749	Deepdene Park/Whitehorse Rd	44
145.07178499,-37.81175036	Hardwicke St/Whitehorse Rd	45
145.07592973,-37.81224172	Balwyn Cinema/Whitehorse Rd	46
145.08152373,-37.81291876	Balwyn Rd/Whitehorse Rd	47
145.08378838,-37.81319896	Balwyn Shopping Centre/Whitehorse Rd	48
145.08795601,-37.81369027	Northcote Ave/Whitehorse Rd	49
145.09516962,-37.81456418	Narrak Rd/Whitehorse Rd	51
145.01404827,-37.84175536	Orrong Rd/Toorak Rd	134
145.01758276,-37.8421664	Woorigoleen Rd/Toorak Rd	135
145.0200863,-37.84246086	Irving Rd/Toorak Rd	136
145.02306477,-37.84284435	Kooyong Rd/Toorak Rd	137
145.02624773,-37.8432312	Moonga Rd/Toorak Rd	138
145.02981717,-37.84361542	Glenbervie Rd/Toorak Rd	139
144.96715938,-37.79711281	Lygon St/Elgin St	112
144.96802483,-37.79412682	Lytton St/Lygon St	113
144.96826863,-37.79268914	Princes St/Lygon St	114
144.96879666,-37.78958017	Melbourne Cemetery/Lygon St	115
144.96918649,-37.78736999	Fenwick St/Lygon St	116
144.96973195,-37.78403601	Richardson St/Lygon St	117
144.97007361,-37.78192413	Pigdon St/Lygon St	118
144.98222463,-37.8452785	Alfred Hospital/Commercial Rd	26
144.98486293,-37.84563009	Punt Rd/Commercial Rd	27
144.9874126,-37.845899	Braille Library/Commercial Rd	28
144.99058337,-37.84631364	Porter St/Commercial Rd	29
144.99227051,-37.84654069	Prahran Market/Commercial Rd	30
144.99401471,-37.84675967	Chapel St/Commercial Rd	31
144.9978074,-37.84729285	Surrey Rd/Malvern Rd	32
145.00043426,-37.84765291	Francis St/Malvern Rd	33
145.00305004,-37.84800372	Williams Rd/Malvern Rd	34
145.00668529,-37.84847987	Mathoura Rd/Malvern Rd	35
145.00999189,-37.84892332	A'Beckett St/Malvern Rd	36
145.01207579,-37.84919284	Orrong Rd/Malvern Rd	37
145.01536023,-37.84961775	Clendon Rd/Malvern Rd	38
145.01867854,-37.85005214	Irving Rd/Malvern Rd	39
145.02130587,-37.85040273	Kooyong Rd/Malvern Rd	40
145.0239557,-37.85076266	Albany Rd/Malvern Rd	41
145.02614147,-37.85105166	Lauriston Girls School/Malvern Rd	42
145.02986746,-37.85154665	Glenferrie Rd/Malvern Rd	43
145.0324949,-37.851897	Plant St/Malvern Rd	44
145.03530389,-37.85225933	Elizabeth St/Malvern Rd	45
145.03923379,-37.85278446	Meredith St/Malvern Rd	46
145.04198653,-37.85312767	Tooronga Rd/Malvern Rd	47
145.04555536,-37.85355646	Edgar St/Malvern Rd	48
145.04831953,-37.85389971	Kenilworth Gr/Malvern Rd	49
145.05149082,-37.85432174	Burke Rd/Malvern Rd	50
145.05264471,-37.85279981	Gardiner Railway Station/Burke Rd	51
145.05304243,-37.84977841	Harris Ave/Burke Rd	52
145.05387441,-37.84579993	Toorak Rd/Burke Rd	54
145.05424527,-37.84379642	Middle Rd/Burke Rd	55
145.05462582,-37.84185615	Anderson Rd/Burke Rd	56
145.05494056,-37.84025724	Pine Ave/Burke Rd	57
145.05533644,-37.83816402	Leura Gr/Burke Rd	58
145.05582908,-37.83541453	Pleasant Rd/Burke Rd	59
145.0565663,-37.83156962	Riversdale Rd/Burke Rd	61
145.05681801,-37.83020398	Camberwell Shopping Centre/Burke Rd	62
145.0572223,-37.82821902	Prospect Hill Rd/Burke Rd	63
145.05763129,-37.82605391	Camberwell Station/Burke Rd	64
145.05805964,-37.82358271	Victoria Rd/Burke Rd	65
145.05846692,-37.82148065	Rathmines Rd/Burke Rd	66
145.05905391,-37.8185885	Camberwell Girls Grammar/Burke Rd	67
145.05954224,-37.81599212	Mont Albert Rd/Burke Rd	68
145.05987493,-37.81413214	Sackville St/Burke Rd	69
144.98949396,-37.87177121	Chapel St/Brighton Rd	37
144.99012535,-37.87280032	Brunning St/Brighton Rd	38
145.01753149,-37.91107838	Rogers Ave/Hawthorn Rd	67
145.0202526,-37.89655226	Stone St/Hawthorn Rd	61
145.02244251,-37.88483778	Briggs St/Hawthorn Rd	56
145.02391985,-37.87721162	Northcote Ave/Hawthorn Rd	53
145.02575438,-37.86768993	Arthur St/Hawthorn Rd	49
145.02576928,-37.86542823	Hawthorn Rd/Dandenong Rd	48
145.02205049,-37.86378873	Egerton Rd/Dandenong Rd	43
145.00464083,-37.85939453	Closeburn Ave/Dandenong Rd	36
144.99723374,-37.85841261	The Avenue/Dandenong Rd	34
144.98740648,-37.85615426	Queens Way/Queens Way	31
145.06059636,-37.8108727	Cotham Rd/Burke Rd	70
145.06006867,-37.81410829	Peverill St/Burke Rd	69
145.05872194,-37.82128659	Canterbury Rd/Burke Rd	66
145.05684028,-37.83108751	Camberwell Junction/Burke Rd	61
145.0560735,-37.83519327	Seymour Gr/Burke Rd	59
145.05552031,-37.83808595	Currajong Ave/Burke Rd	58
145.05322159,-37.84988051	Bickleigh St/Burke Rd	52
145.05266317,-37.85296233	Gardiner Station/Burke Rd	51
145.05129508,-37.85441763	Glenarm Rd/Malvern Rd	50
145.04841798,-37.85404554	Belmont Ave/Malvern Rd	49
145.03882266,-37.85285871	Shaftesbury Ave/Malvern Rd	46
145.02391849,-37.85087919	Murray St/Malvern Rd	41
145.01842573,-37.85015603	Densham Rd/Malvern Rd	39
145.03308536,-37.88825137	Kambrook Rd/Glenhuntly Rd	56
145.03511412,-37.88850154	Clarke Ave/Glenhuntly Rd	57
145.05406646,-37.89078104	Truganini Rd/Glenhuntly Rd	66
145.00042416,-37.81225444	Baker St/Church St	64
145.00003874,-37.81432962	Kent St/Church St	63
144.99784318,-37.82663847	East Richmond Railway Station/Church St	56
144.99745614,-37.82876768	Gibbons St/Church St	55
144.99711873,-37.83032098	Balmain St/Church St	54
144.99521237,-37.84156226	Palermo St/Chapel St	49
144.99489477,-37.84363857	Wilson St/Chapel St	48
144.99425496,-37.84670068	Malvern Rd/Chapel St	47
144.9876731,-37.86808134	Brighton Rd/Carlisle St	35
144.98396911,-37.8675944	Mitchell St/Carlisle St	34
145.0093207,-37.84894802	Canterbury Rd/Malvern Rd	36
145.00648903,-37.8485937	Lorne Rd/Malvern Rd	35
145.00115543,-37.84788144	Hobson St/Malvern Rd	33
144.99804181,-37.84745004	Bendigo St/Malvern Rd	32
144.99421454,-37.8469343	Chapel St/Malvern Rd	31
144.97858454,-37.86704244	Havelock St/Carlisle St	32
144.94794449,-37.80282645	Curzon St/Queensberry St	13
144.94940519,-37.80298707	North Melbourne Town Hall/Queensberry St	12
144.95488555,-37.79947767	Royal Melbourne Hospital/Flemington Rd	14
144.94836266,-37.79428158	Royal Childrens Hospital/Flemington Rd	19
144.94093197,-37.78827623	Flemington Bridge Station/Flemington Rd	22
144.93905545,-37.78592738	Djerring Flemington Hub/Mt Alexander Rd 	23
144.93699879,-37.78393582	Mooltan St/Mt Alexander Rd	24
144.93394058,-37.78244033	Mount Alexander College/Mt Alexander Rd	25
144.9326262,-37.78111958	Wellington St/Mt Alexander Rd	26
144.93121976,-37.77943672	Essendon Tram Depot/Mt Alexander Rd	27
144.92983303,-37.7774568	Middle St/Mt Alexander Rd	28
144.9285354,-37.77554152	Warrick St/Mt Alexander Rd	29
144.92690792,-37.77243086	Ormond Rd/Mt Alexander Rd	30
144.92623253,-37.7705986	Montgomery St/Mt Alexander Rd	31
144.92491587,-37.76693466	Moonee Ponds Junction/Pascoe Vale Rd	32
144.92545458,-37.76431271	Moonee Valley Civic Centre/Pascoe Vale Rd	34
144.925811,-37.76252564	Queens Park/Pascoe Vale Rd	35
144.9262861,-37.75974036	Salisbury St/Pascoe Vale Rd	36
144.92581693,-37.75581197	Pascoe Vale Rd/Fletcher St	38
144.92276188,-37.75546977	Hoddle St/Fletcher St	39
144.92020502,-37.75517232	Nicholson St/Fletcher St	40
144.91760129,-37.75492807	Fletcher St/Napier St	41
144.98905723,-37.82467737	Richmond Station/Swan St	8
144.9934842,-37.82523953	Lennox St/Swan St	9
144.99605543,-37.82552664	Swan Street Shopping Centre/Swan St	10
144.99809416,-37.82575958	Church St/Swan St	11
145.00257977,-37.82625932	Coppin St/Swan St	12
145.00490221,-37.82650597	Edinburgh St/Swan St	13
145.00735997,-37.82679091	Burnley St/Swan St	14
145.00978442,-37.8270482	Stawell St/Swan St	15
145.0117783,-37.82726212	Park Gr/Swan St	16
145.01651056,-37.82746811	Madden Gr/Swan St	17
145.01955426,-37.82666322	Yarra Bvd/Swan St	18
145.02544278,-37.82739295	Power St/Riversdale Rd	29
145.02906809,-37.82821069	Through St/Riversdale Rd	30
145.031628,-37.82850585	Fordholm Rd/Riversdale Rd	31
145.0344709,-37.82884172	Glenferrie Rd/Riversdale Rd	32
145.03725751,-37.82915856	Berkeley St/Riversdale Rd	33
144.95620781,-37.82607628	Port Junction/Whiteman St	125
144.95446552,-37.8373287	Montague St/Park St	27
144.9557209,-37.8404235	Bridport St/Montague St	28
145.01058511,-37.84122828	Grange Rd/Toorak Rd	133
145.02998756,-37.84361827	Glenferrie Rd/Toorak Rd	139
144.97406103,-37.76188739	Albion St/Holmes St	127
144.97497874,-37.75654111	Moreland Rd/Nicholson St	129
144.96211869,-37.75529201	Moreland Station/Cameron St	133
144.97813204,-37.74286119	Bell St/Nicholson St	135
144.95398843,-37.82745257	Southbank Tram Depot/Light RailA	125
144.94846907,-37.83024028	Montague St/Light Rail	126
144.94348967,-37.83320837	North Port Station/Light Rail	127
144.93719006,-37.83705429	Graham St/Light Rail	128
144.97834381,-37.80843491	Lansdowne St/Victoria Pde	13
144.91589421,-37.75266296	Grice Cres/Mt Alexander Rd	42
144.98613581,-37.80927135	Wellington St/Victoria Pde	16
144.99064424,-37.80972686	Hoddle St/Victoria Pde	18
144.99296233,-37.8096943	North Richmond Railway Station/Victoria St	19
144.99575984,-37.80999428	Lennox St/Victoria St	20
145.00051721,-37.8104897	Church St/Victoria St	21
145.00404071,-37.81082884	McKay St/Victoria St	22
145.00687288,-37.81111112	Flockhart St/Victoria St	23
145.01038534,-37.81144088	Burnley St/Victoria St	24
145.01323906,-37.81176843	River Bvd/Victoria St	25
145.02062002,-37.81271281	Findon Cres/Barkers Rd	27
145.02317888,-37.81302615	High St/Barkers Rd	29
145.02616139,-37.81022844	Stevenson St/High St	31
145.02858281,-37.80759248	Kew Junction/High St	32
145.031657,-37.80688691	QPO/Cotham Rd	34
145.03530325,-37.80730828	Charles St/Cotham Rd	35
145.03790741,-37.80762205	Glenferrie Rd/Cotham Rd	36
145.04231278,-37.80811893	Belmont Ave/Cotham Rd	37
145.04583452,-37.80852889	Marshall Ave/Cotham Rd	38
145.04927682,-37.80893742	Florence Ave/Cotham Rd	39
145.05291148,-37.80937608	St George's Hospital/Cotham Rd	40
145.05766764,-37.80993225	Kew Traffic School/Cotham Rd	41
145.06049838,-37.8102763	Burke Rd/Cotham Rd	42
145.09924935,-37.81494552	Union Rd/Whitehorse Rd	53
145.10312266,-37.8154045	Inglisby Rd/Whitehorse Rd	54
145.10945346,-37.81616419	Hood St/Whitehorse Rd	55
145.11559159,-37.81691144	Elgar Rd/Whitehorse Rd	56
145.11986051,-37.81745731	Nelson Rd/Whitehorse Rd	57
145.11037193,-37.83760932	Elgar Rd/Riversdale Rd	61
145.10665805,-37.83709005	Ferndale St/Riversdale Rd	60
145.1046413,-37.83685934	Alandale St/Riversdale Rd	59
145.10218389,-37.83653137	Wattle Park/Riversdale Rd	58
145.10030602,-37.83620369	Glendale St/Riversdale Rd	57
145.09805265,-37.83589695	Warrigal Rd/Riversdale Rd	56
145.09540199,-37.83557473	Union Rd/Riversdale Rd	55
145.09319223,-37.8353407	Through Rd/Riversdale Rd	54
145.09094889,-37.83508806	Essex Rd/Riversdale Rd	53
145.08813951,-37.83475409	Lockhart St/Riversdale Rd	52
145.0848543,-37.83436725	Highfield Rd/Riversdale Rd	51
145.08120193,-37.83411853	Wattle Valley Rd/Riversdale Rd	50
145.07933301,-37.8338898	Glyndon Rd/Riversdale Rd	49
145.07710066,-37.8336551	Cooloongatta Rd/Riversdale Rd	48
145.07239936,-37.8331096	Willow Gr/Riversdale Rd	47
145.0693081,-37.83269847	Riversdale Station/Riversdale Rd	46
145.0658861,-37.8323359	Derby St/Riversdale Rd	44
145.06350714,-37.83206249	Trafalgar Rd/Riversdale Rd	43
145.06019925,-37.83168361	Fermanagh Rd/Riversdale Rd	42
145.05762726,-37.83140689	Camberwell Market/Riversdale Rd	41
145.05642645,-37.83126992	Camberwell Junction/Riversdale Rd	40
145.05427282,-37.83107214	Camberwell Tram Depot/Riversdale Rd	39
145.05134006,-37.8306902	Hastings Rd/Riversdale Rd	38
145.047636,-37.83025934	Tooronga Rd/Riversdale Rd	37
145.0435016,-37.82977617	Auburn Rd/Riversdale Rd	36
145.04155368,-37.82953651	Robinson Rd/Riversdale Rd	35
145.0384727,-37.82917882	Kooyongkoot Rd/Riversdale Rd	34
144.91422607,-37.7502273	Brewster St/Mt Alexander Rd	43
144.91275361,-37.74810148	Thorn St/Mt Alexander Rd	44
144.91163004,-37.74648648	Glass St/Mt Alexander Rd	45
144.90894359,-37.74395158	Mt Alexander Rd/Keilor Rd	47
144.90576757,-37.74268759	Service St/Keilor Rd	48
144.90288452,-37.74150083	Essendon North PS/Keilor Rd	49
144.89935136,-37.74003205	Cooper St/Keilor Rd	50
144.88936458,-37.73525758	Keilor Rd/Matthews Ave	53
144.88983279,-37.73235517	Fullarton Rd/Matthews Ave	54
144.89025391,-37.72991151	Cameron St/Matthews Ave	55
144.89066774,-37.72732353	Earl St/Matthews Ave	56
144.89138987,-37.72306487	Hawker St/Matthews Ave	57
144.89207881,-37.71837305	Marshall Rd/Matthews Ave	58
144.89056242,-37.71384002	Airport West/Matthews Ave	59
144.96419183,-37.79930548	Melbourne University/Swanston St	1
144.96368745,-37.80236978	Lincoln Square/Swanston St	3
144.96310774,-37.80569411	Queensberry St/Swanston St	4
144.96329043,-37.80813946	RMIT University/Swanston St	7
144.96427381,-37.81038237	Melbourne Central Station/Swanston St	8
144.96558229,-37.81319863	Bourke Street Mall/Swanston St	10
144.96701723,-37.81637753	City Square/Swanston St	11
144.96798207,-37.8184759	Federation Square/Swanston St	13
144.96951422,-37.8218457	Arts Precinct/St Kilda Rd	14
144.97136874,-37.82879869	Shrine of Remembrance/St Kilda Rd	19
144.97539977,-37.83595132	Toorak Rd/St Kilda Rd	22
144.97657033,-37.8388552	Arthur St/St Kilda Rd	23
144.97740511,-37.84115853	Leopold St/St Kilda Rd	24
144.97863142,-37.84452295	Commercial Rd/St Kilda Rd	25
144.97971927,-37.84755154	Moubray St/St Kilda Rd	26
144.98055399,-37.84986386	High St/St Kilda Rd	27
144.9817072,-37.8530017	Union St/St Kilda Rd	29
144.98253116,-37.85529579	St Kilda Junction/St Kilda Rd	30
144.97975537,-37.84789461	Beatrice St/St Kilda Rd	26
144.94953494,-37.80322364	North Melbourne Town Hall/Errol St	12
144.92694856,-37.77300833	Maribyrnong Rd/Mt Alexander Rd	30
144.92607836,-37.75986286	Murray St/Pascoe Vale Rd	36
144.9263503,-37.75825454	Buckley St/Pascoe Vale Rd	37
144.92603553,-37.75611321	Fletcher St/Pascoe Vale Rd	38
144.91564919,-37.75249642	Shamrock St/Mt Alexander Rd	42
144.9143614,-37.75066226	Thistle St/Mt Alexander Rd	43
144.91146268,-37.74638439	Leake St/Mt Alexander Rd	45
144.91035051,-37.74476958	Lincoln Rd/Mt Alexander Rd	46
144.90297018,-37.74168259	Essendon North Primary School/Keilor Rd	49
144.8959259,-37.73877237	Bradshaw St/Keilor Rd	51
144.89016754,-37.73655163	Matthews Ave/Keilor RdA	53
144.98680105,-37.86754374	Carlisle St/St Kilda Rd	35
144.98590098,-37.8651132	Inkerman St/St Kilda Rd	34
144.95239376,-37.79758696	Murphy St/Flemington Rd	15
144.98489274,-37.86248255	Argyle St/St Kilda Rd	33
144.98405254,-37.85994487	Alma Rd/St Kilda Rd	32
144.98335622,-37.85796839	Barkly St/St Kilda Rd	31
144.99380768,-37.81790945	Epworth Hospital/Bridge Rd	15
144.99654703,-37.8182715	Bosisto St/Bridge Rd	17
144.99879093,-37.81847187	Church St/Bridge Rd	18
145.00137354,-37.81875004	Richmond Town Hall/Bridge Rd	19
145.00357133,-37.81897658	Coppin St/Bridge Rd	20
145.00887293,-37.81953496	Burnley St/Bridge Rd	21
145.01396998,-37.82009867	Yarra Bvd/Bridge Rd	22
144.99652359,-37.81829814	Waltham St/Bridge Rd	17
144.93281332,-37.84078946	Beacon Cove/Light Rail	129
144.98221511,-37.80892486	Smith St/Victoria Pde	15
145.00761715,-37.81131297	Leslie St/Victoria St	23
145.02077465,-37.81287762	Findon St/Barkers Rd	27
145.02377122,-37.812964	Barkers Rd/High St	29
145.03130217,-37.80698912	High St/Cotham Rd	34
145.04974918,-37.80911647	Thomas St/Cotham Rd	39
145.06085747,-37.81044443	Burke Rd/Whitehorse Rd	42
145.12207754,-37.81783515	Box Hill Central/Whitehorse Rd	58
144.95671633,-37.80145599	Flemington Rd/Peel St	12
144.9564408,-37.80362305	Queensberry St/Peel St	11
144.95444174,-37.82955117	City Rd/Light Rail	126
144.95548977,-37.83315604	South Melbourne Station/Light Rail	127
144.95874885,-37.84023273	Albert Park Station/Light Rail	128
144.96166702,-37.84526677	Melbourne Sports and Aquatic Centre/Light Rail	129
144.9656838,-37.84962583	Middle Park Station/Light Rail	130
144.9710255,-37.85376429	Fraser St/Light Rail	131
144.97763712,-37.8592851	St Kilda Station/Fitzroy St	132
144.97677153,-37.86018041	Canterbury Rd/Fitzroy St	133
144.97525782,-37.86108259	Park St/Fitzroy St	134
144.97341261,-37.86205113	Acland St/Fitzroy St	135
144.97300484,-37.86241359	Jacka Bvd/Fitzroy St	135
144.97348556,-37.86519747	Alfred Square/The Esplanade	136
144.97683549,-37.86698535	Luna Park/The Esplanade	138
144.97994401,-37.86887714	Belford St/Acland St	139
145.02781001,-37.86605722	Dandenong Rd/Glenferrie Rd	52
145.02777434,-37.86526359	Malvern Railway Station/Glenferrie Rd	53
145.02825781,-37.86247803	Wattletree Rd/Glenferrie Rd	54
145.02846377,-37.86114774	Llaneast St/Glenferrie Rd	55
145.0286714,-37.86103406	Edsall St/Glenferrie Rd	55
145.02882741,-37.85901804	Malvern Tram Depot/Glenferrie Rd	56
145.02918135,-37.85682509	High St/Glenferrie Rd	57
145.02958422,-37.85407422	Bell St/Glenferrie Rd	58
145.02977687,-37.85409547	Sorrett Ave/Glenferrie Rd	58
145.02993931,-37.85183623	Malvern Rd/Glenferrie Rd	59
145.03036085,-37.84966243	Stonnington Pl/Glenferrie Rd	60
145.03073118,-37.84770405	Moorakyne Ave/Glenferrie Rd	61
145.03110172,-37.84573666	Mayfield Ave/Glenferrie Rd	62
145.03143361,-37.84393985	Toorak Rd/Glenferrie Rd	63
145.03166576,-37.84247481	Mernda Rd/Glenferrie Rd	64
145.03196673,-37.84184	Power St/Glenferrie Rd	64
145.03213956,-37.84004052	Warra St/Glenferrie Rd	65
145.03243108,-37.83933346	Kooyong Railway Station/Glenferrie Rd	65
145.03235111,-37.83849403	Kooyong Tennis Centre/Glenferrie Rd	66
145.03261666,-37.83833625	Vision Australia/Glenferrie Rd	66
145.03294049,-37.83555701	Gardiner Rd/Glenferrie Rd	67
145.03330384,-37.83342728	Callantina Rd/Glenferrie Rd	68
145.03366479,-37.83138762	South St/Glenferrie Rd	69
145.03408094,-37.8289794	Riversdale Rd/Glenferrie Rd	70
145.03461337,-37.82604142	Urquhart St/Glenferrie Rd	71
145.03497017,-37.82415489	Manningtree Rd/Glenferrie Rd	72
145.03526982,-37.82270898	Burwood Rd/Glenferrie Rd	73
145.03566829,-37.82053476	Glenferrie Station/Glenferrie Rd	74
145.03596205,-37.81888148	Chrystobel Cres/Glenferrie Rd	75
145.03621927,-37.8186064	Liddiard St/Glenferrie Rd	75
145.03631124,-37.81685063	Johnson St/Glenferrie Rd	76
145.03671742,-37.81481171	Barkers Rd/Glenferrie Rd	77
145.03720911,-37.81211635	Fitzwilliam St/Glenferrie Rd	78
145.03763771,-37.81008681	Wellington St/Glenferrie Rd	79
145.03808168,-37.80790432	Cotham Rd/Glenferrie Rd	80
144.99673582,-37.86924526	Carlisle Ave/Carlisle St	39
144.99962479,-37.86960981	Hotham St/Balaclava Rd	40
145.00258173,-37.86998445	Vadlure Ave/Balaclava Rd	41
144.89254694,-37.73747737	Hoffmans Rd/Keilor Rd	52
145.02102657,-37.82088436	St James Park/Burwood Rd	25
145.02481722,-37.82145268	Hawthorn Railway Station/Burwood Rd	26
145.02627489,-37.82174748	Burwood Rd/Power St	27
145.02628233,-37.82146823	Power St/Burwood Rd	27
145.02586469,-37.82477759	Wattle Rd/Power St	28
145.06426546,-37.79346799	Burke Rd/Doncaster Rd	44
144.97324638,-37.81166362	Bourke St/Spring St	0
145.00032051,-37.75965052	Normanby Ave/High St	38
145.00558465,-37.87034177	Allan Rd/Balaclava Rd	42
145.01238308,-37.87117772	Otira Rd/Balaclava Rd	44
145.05772312,-37.83208437	Burke Rd/Camberwell Rd	41
145.05886814,-37.8330495	Camberwell Primary School/Camberwell Rd	42
145.06063508,-37.83456557	Camberwell Civic Centre/Camberwell Rd	43
145.06215622,-37.83592438	Trafalgar Rd/Camberwell Rd	44
145.06420043,-37.83770631	Bowen St/Camberwell Rd	45
145.06607647,-37.83940434	Christowel St/Camberwell Rd	46
145.06630441,-37.83981361	Acheron Ave/Camberwell Rd	46
145.06764207,-37.84080886	Maple Cres/Camberwell Rd	47
145.06781488,-37.84115415	Orange Gr/Camberwell Rd	47
145.0691192,-37.84212179	Orrong Cres/Camberwell Rd	48
145.069159,-37.84233873	Glen Iris Rd/Camberwell Rd	48
145.07143027,-37.84414229	Tyrone St/Camberwell Rd	49
145.07152499,-37.84443222	Wilson Gr/Camberwell Rd	49
145.073407,-37.84591394	Fordham Gardens/Camberwell Rd	50
145.07320252,-37.8459106	Smith Rd/Camberwell Rd	50
145.0756184,-37.84784261	Toorak Rd/Camberwell Rd	51
145.07707518,-37.84819985	Summerhill Rd/Toorak Rd	52
145.08181179,-37.84873673	Highfield Rd/Toorak Rd	53
145.08229584,-37.84891585	Lithgow St/Toorak Rd	53
145.08430427,-37.84903867	Oberwyl Rd/Toorak Rd	54
145.08459567,-37.84919661	Grandview Ave/Toorak Rd	54
145.08671771,-37.84932124	Through Rd/Toorak Rd	55
145.08725812,-37.84951927	Beryl St/Toorak Rd	55
145.08959579,-37.84965636	Barkly St/Toorak Rd	56
145.09005669,-37.84985309	Alfred Rd/Toorak Rd	56
145.09236053,-37.84998057	Fairview Ave/Toorak Rd	57
145.09273101,-37.85015779	Queens Pde/Toorak Rd	57
145.09546564,-37.85032824	Warrigal Rd/Burwood Hwy	58
145.09897931,-37.85070045	Somers St/Burwood Hwy	59
145.09873958,-37.85074163	Gilmour St/Burwood Hwy	59
145.10208861,-37.85044421	Roslyn St/Burwood Hwy	60
145.10215515,-37.85050837	Millicent St/Burwood Hwy	60
145.1054763,-37.84996708	Presbyterian Ladies College/Burwood Hwy	61
145.10870446,-37.84950531	Elgar Rd/Burwood Hwy	62
145.11523847,-37.84998861	Deakin University/Burwood Hwy	63
145.11939522,-37.85055074	Station St/Burwood Hwy	64
145.12598053,-37.85125956	Starling St/Burwood Hwy	65
145.13183727,-37.85201954	Middleborough Rd/Burwood Hwy	66
145.1380449,-37.85148705	Old Burwood Rd/Burwood Hwy	67
145.14188011,-37.85128631	Benwerrin Reserve/Burwood Hwy	68
145.14624168,-37.85185073	Keats St/Burwood Hwy	69
145.14634167,-37.85194242	Highview Gr/Burwood Hwy	69
145.15112211,-37.85257634	Blackburn Rd/Burwood Hwy	70
145.15854064,-37.85362086	Sevenoaks Rd/Burwood Hwy	71
145.16463702,-37.85436493	Lakeside Dr/Burwood Hwy	72
145.16819608,-37.85476282	Springvale Rd/Burwood Hwy	73
145.17497371,-37.85554399	Stanley Rd/Burwood Hwy	74
145.18193041,-37.8564447	Vermont South Shopping Centre/Burwood Hwy	75
144.95585256,-37.82083429	Spencer St/Flinders St	1
144.95782102,-37.82030972	Melbourne Aquarium/Flinders St	2
145.05692926,-37.83159364	Camberwell Junction/Camberwell Rd	40
144.98220146,-37.85696632	St Kilda Rd/Fitzroy St	131
144.98057256,-37.85792968	Princes St/Fitzroy St	132
144.97071158,-37.81421535	Exhibition St/Collins St	7
144.89234968,-37.73723052	Treadwell Rd/Keilor Rd	52
145.04027827,-37.8639855	Tooronga Rd/Wattletree Rd	49
144.88242513,-37.76931454	Wests Rd/Cordite Ave	48
144.98402724,-37.78321817	Scotchmer St/St Georges Rd	22
145.01637102,-37.8199499	Hawthorn Bridge/Bridge Rd	23
144.97620389,-37.81816692	William Barak Bridge/Melbourne ParkA	7
145.01779588,-37.86094153	Armadale St/Wattletree Rd	41
144.96053473,-37.83315343	Dorcas St/Clarendon St	128
144.96158548,-37.83543357	Park St/Clarendon St	129
144.95952649,-37.83098215	York St/Clarendon St	127
144.95786904,-37.82722256	City Rd/Clarendon St	126
144.96258223,-37.83761364	Raglan St/Clarendon Sta	130
144.96287067,-37.8395201	Clarendon St/Albert Rd	130
144.96111127,-37.8406882	Melbourne Sports & Aquatic Centre/Albert Rd	131
144.95934679,-37.84245096	Kerferd Rd/Canterbury Rd	132
144.96013177,-37.84406865	Canterbury Rd/Mills St	133
144.95887368,-37.84559686	Carter St/Mills St	134
144.95740312,-37.84740974	Richardson St/Mills St	135
144.95607734,-37.84973878	Mills St/Danks St	136
144.9591807,-37.85136066	Harold St/Danks St	137
144.97445338,-37.86098764	Fitzroy St/Park St	143
144.97319027,-37.85979438	Mary St/Park St	142
144.97078692,-37.85749103	Deakin St/Park St	141
144.96742472,-37.85575684	Fraser St/Park St	140
144.96558736,-37.85478788	Langridge St/Patterson St	139
144.96245211,-37.85307549	Armstrong St/Danks St	138
144.97711935,-37.80585453	Gertrude St/Brunswick St	13
144.97761062,-37.80283501	Hanover St/Brunswick St	14
144.97803924,-37.80044523	Bell St/Brunswick St	15
144.978364,-37.79853129	Johnston St/Brunswick St	16
144.97885197,-37.79562886	Leicester St/Brunswick St	17
144.97919049,-37.79362503	Alexandra Pde/Brunswick St	18
144.97966482,-37.79080346	Newry St/Brunswick St	19
144.98009648,-37.78829657	Fitzroy Bowls Club/Brunswick St	20
144.98191198,-37.78542589	Alfred Cres/St Georges Rd	21
144.98527725,-37.78150928	Park St/St Georges Rd	23
144.98651987,-37.78007062	Holden St/St Georges Rd	24
144.98830133,-37.77801932	Miller St/St Georges Rd	25
144.98975457,-37.77592635	Clarke St/St Georges Rd	26
144.99015235,-37.77381535	Westbourne Gr/St Georges Rd	27
144.9906332,-37.77157059	Sumner Ave/St Georges Rd	28
144.9912371,-37.76855291	Arthurton Rd/St Georges Rd	29
144.99194965,-37.76529375	Gladstone Ave/St Georges Rd	30
144.99249306,-37.7624102	Bird Ave/St Georges Rd	31
144.99325622,-37.75895364	Normanby Ave/St Georges Rd	32
144.99393074,-37.75541444	Hutton St/St Georges Rd	33
144.99488466,-37.7520332	Miller St/St Georges Rd	34
144.99131409,-37.75144068	Bracken Ave/Miller St	36
144.98804183,-37.75031243	Miller St/Gilbert Rd	37
144.9883746,-37.74808317	Oakover Rd/Gilbert Rd	38
144.98880394,-37.74563926	Latona Ave/Gilbert Rd	39
144.98902787,-37.74407502	Bell St/Gilbert Rd	40
144.98949972,-37.74131642	Bruce St/Gilbert Rd	41
144.98983215,-37.73909615	Cramer St/Gilbert Rd	42
144.9902143,-37.73671452	Murray Rd/Gilbert Rd	43
144.99059083,-37.73454006	Cooper St/Gilbert Rd	44
144.99084821,-37.7329944	Jacka St/Gilbert Rd	45
144.9913588,-37.73005621	McNamara St/Gilbert Rd	46
145.0695015,-37.67898426	RMIT/Plenty Rd	71
145.06902047,-37.68135557	Clements Dr/Plenty Rd	70
145.0666589,-37.68802185	Taunton Dr/Plenty Rd	69
145.06313878,-37.69168605	Greenhills Rd/Plenty Rd	68
145.05957585,-37.69567387	Bundoora Square SC/Plenty Rd	67
145.05884708,-37.69795994	Settlement Rd/Plenty Rd	66
145.05817824,-37.70012083	Grimshaw St/Plenty Rd	65
145.0559645,-37.70367113	Mount Cooper Dr/Plenty Rd	64
145.05219224,-37.70738489	Greenwood Dr/Plenty Rd	63
145.04896765,-37.71053082	Metropolitan Fire Brigade/Plenty Rd	62
145.04635256,-37.71248817	Bundoora Park/Plenty Rd	61
145.04325358,-37.7164471	La Trobe University/Plenty Rd	60
145.03962454,-37.71898225	Preston Cemetery/Plenty Rd	59
145.03684061,-37.72000833	Browning St/Plenty Rd	58
145.0300646,-37.72268897	Reservoir District Secondary College/Plenty Rd	57
145.02785185,-37.72398574	Loddon Ave/Plenty Rd	56
145.02295731,-37.72543576	Boldrewood Pde/Plenty Rd	55
145.02001356,-37.72733292	Wilkinson St/Plenty Rd	54
145.0172084,-37.7291332	Ethel Gr/Plenty Rd	53
145.01354836,-37.73446971	Wood St/Plenty Rd	51
145.01241836,-37.73683882	Sylvester Gr/Plenty Rd	50
145.01136477,-37.73889378	Murray Rd/Plenty Rd	49
145.00959071,-37.74115286	Gower St/Plenty Rd	48
145.00795821,-37.74320702	David St/Plenty Rd	47
145.00599446,-37.74576022	Bell St/Plenty Rd	45
145.0051197,-37.74706115	Seymour St/Plenty Rd	44
145.0037008,-37.74918195	Raglan St/Plenty Rd	43
145.00160269,-37.75249881	Miller St/High St	42
145.00123485,-37.75435803	Blythe St/High St	41
145.00083072,-37.7567213	Mansfield St/High St	40
144.96336381,-37.83894288	Albert Rd/Clarendon St	130
144.95221502,-37.81968066	Southern Cross Station/Collins St	14
144.95013124,-37.82026621	Batman's Hill/Collins St	15
144.94541581,-37.82152677	Merchant St/Collins St	17
144.94803758,-37.82079748	Harbour Esp/Collins St	16
144.95952188,-37.84228278	Canterbury Rd/Albert Rd	132
144.95607742,-37.84932424	Danks St/Mills St	136
144.97049994,-37.85717968	Cowderoy St/Park St	141
144.96712689,-37.85542727	Fraser St/Patterson St	140
144.97780729,-37.80270321	King William St/Brunswick St	14
144.97818436,-37.80053784	St David St/Brunswick St	15
144.9926912,-37.76263888	Gadd St/St Georges Rd	31
144.99094434,-37.75126315	Devon St/Miller St	36
144.99479302,-37.75164413	St Georges Rd/Miller St	35
144.99158656,-37.72918594	West Preston/Gilbert Rd	47
145.06892747,-37.68231834	Janefield Dr/Plenty Rd	70
145.02280629,-37.7255684	Albert St/Plenty Rd	55
145.0147646,-37.73099358	Tyler St/Plenty Rd	52
145.00541972,-37.74687698	Osborne Gr/Plenty Rd	44
144.97237268,-37.83321372	ANZAC Station/St Kilda Rd	20
144.95257325,-37.81288303	Spencer St/La Trobe St	1
144.96762067,-37.80845759	Exhibition St/La Trobe St	8
144.97635153,-37.80818441	St Vincent Plaza/Victoria St 	12
144.94206038,-37.82085537	Bourke St/Collins St	18
144.98029512,-37.84935476	Lorne St/St Kilda Rd	27
144.97054956,-37.8242787	Grant St-Police Memorial/St Kilda Rd	17
145.03565887,-37.82131863	Glenferrie Railway Station/Glenferrie Rd	74
144.94624652,-37.74887933	Woodlands Ave/Melville Rd	41
144.94535746,-37.76952791	South Daly St/Dawson St	33
144.94885227,-37.77493281	Heller St/Grantham St	29
144.98070617,-37.83761951	Fawkner Park/Toorak Rd	123
145.00054929,-37.75832064	Ballantyne St/High St	39
145.00004289,-37.76152929	Woolton Ave/High St	37
144.999688,-37.76332564	Darebin Rd/High St	36
144.99925986,-37.76573355	Dennis St/High St	35
144.99909564,-37.76761424	Bent St/High St	34
144.99889957,-37.76941329	Arthurton Rd/High St	33
144.99856925,-37.77113795	Mitchell St/High St	32
144.99783706,-37.77471223	Northcote Town Hall/High St	31
144.9975122,-37.77665327	Clarke St/High St	30
144.99681176,-37.78030919	Westgarth St/High St	27
144.99616734,-37.78356952	Walker St/High St	26
144.99452142,-37.78565028	Clifton Hill Interchange/Queens Pde	25
144.99141612,-37.788364	Michael St/Queens Pde	24
144.98875135,-37.78948105	Wellington St/Queens Pde	23
144.98635122,-37.79046738	Smith St/Queens Pde	22
144.98502454,-37.79415756	Alexandra Pde/Smith St	21
144.98456711,-37.79678119	Rose St/Smith St	20
144.98416388,-37.79908131	Johnston St/Smith St	19
144.98374388,-37.8015794	Hodgson St/Smith St	18
144.98338199,-37.80360987	Charles St/Smith St	17
144.98266259,-37.80625603	Smith St/Gertrude St	15
144.97928726,-37.80590978	Napier St/Gertrude St	14
144.97705664,-37.8056552	Brunswick St/Gertrude St	13
144.97424037,-37.80189393	Moor St/Nicholson St	12
144.97485926,-37.79836294	Johnston St/Nicholson St	13
144.97538707,-37.79525393	Rose St/Nicholson St	14
144.97592963,-37.79201901	Alexandra Pde/Nicholson St	15
144.97653949,-37.78881227	Freeman St/Nicholson St	16
144.97713844,-37.78558732	Reid St/Nicholson St	17
144.97760444,-37.78307201	Scotchmer St/Nicholson St	18
144.97816678,-37.77993654	Holden St/Nicholson St	19
144.97867282,-37.77678207	Miller St/Nicholson St	20
144.97928161,-37.77318779	Glenlyon Rd/Nicholson St	21
144.97983374,-37.77042161	Albert St/Nicholson St	22
145.00200247,-37.7519829	Dundas St/Plenty Rd	42
145.0013659,-37.75454951	Collins St/High St	41
145.0007412,-37.75835995	Gooch St/High St	39
145.00055301,-37.75944719	Clarendon St/High St	38
144.99928108,-37.7674732	McCutcheon St/High St	34
144.99917797,-37.76919272	Separation St/High St	33
144.99026498,-37.78893914	Gold St/Queens Pde	24
144.98475119,-37.79669422	Keele St/Smith St	20
144.98334793,-37.80486193	Peel St/Smith St	16
144.98309473,-37.8062364	Gertrude St/Smith St	15
144.97822862,-37.77933381	Brunswick Rd/Nicholson St	19
144.98030232,-37.7669691	Blyth St/Nicholson St	23
145.03708368,-37.86357179	Dixon St/Wattletree Rd	48
145.03385529,-37.86314842	Cabrini Hospital/Wattletree Rd	47
145.0313858,-37.86282778	Soudan St/Wattletree Rd	46
145.03095836,-37.86265842	Nicholls St/Wattletree Rd	46
